{
  "project_info": {
    "project_number": "1069317221807",
    "project_id": "eco-ciclo-peru-ec47e",
    "storage_bucket": "eco-ciclo-peru-ec47e.firebasestorage.app"
  },
  "client": [
    {
      "client_info": {
        "mobilesdk_app_id": "1:1069317221807:android:c953274c6886d9f4f4935a",
        "android_client_info": {
          "package_name": "com.example.ecocicloperu_new"
        }
      },
      "oauth_client": [],
      "api_key": [
        {
          "current_key": "AIzaSyDr6zSvMR6olswN_Kkmxtr_Dw22o3kWPvU"
        }
      ],
      "services": {
        "appinvite_service": {
          "other_platform_oauth_client": []
        }
      }
    }
  ],
  "configuration_version": "1"
}